,순위,카테고리,채널명,구독자수,조회수,비디오수
0,1,음악/댄스/가수,BLACKPINK,"83,800,000","28,613,980,000",466
1,2,음악/댄스/가수,BANGTANTV,"73,000,000","19,143,270,000","2,086"
2,3,음악/댄스/가수,HYBE LABELS,"69,500,000","25,846,740,000","1,065"
3,4,음악/댄스/가수,SMTOWN,"31,300,000","26,218,220,000","4,052"
4,5,키즈/어린이,Boram Tube Vlog [보람튜브 브이로그],"26,500,000","11,052,880,000",223
5,6,음악/댄스/가수,JYP Entertainment,"26,200,000","18,452,100,000","1,596"
6,7,음악/댄스/가수,1MILLION Dance Studio,"25,800,000","7,627,990,000","4,848"
7,8,음악/댄스/가수,1theK (원더케이),"24,400,000","23,231,220,000","17,711"
8,9,음악/댄스/가수,Mnet K-POP,"20,100,000","13,893,500,000","30,385"
9,10,TV/방송,KBS WORLD TV,"18,600,000","14,474,590,000","61,075"
10,11,음악/댄스/가수,officialpsy,"17,800,000","10,249,830,000",123
11,12,음악/댄스/가수,JFlaMusic,"17,600,000","3,736,050,000",312
12,13,음식/요리/레시피,Jane ASMR 제인,"17,300,000","6,907,220,000","1,713"
13,14,음악/댄스/가수,TWICE,"15,200,000","4,359,550,000",970
14,15,음악/댄스/가수,BIGBANG,"14,900,000","7,565,140,000",776
15,17,음식/요리/레시피,Hongyu ASMR 홍유,"14,500,000","4,711,170,000",581
16,16,키즈/어린이,Boram Tube ToysReview [보람튜브 토이리뷰],"14,500,000","4,963,080,000",590
17,18,키즈/어린이,BIBO와 장난감,"12,800,000","3,073,890,000",170
18,19,음악/댄스/가수,Stray Kids,"11,500,000","2,562,200,000",702
19,20,키즈/어린이,핑크퐁 (인기 동요・동화),"11,100,000","6,872,410,000","2,926"
20,21,음식/요리/레시피,[햄지]Hamzy,"10,900,000","3,582,430,000",515
21,22,키즈/어린이,DuDuPopTOY,"10,800,000","4,992,160,000","2,391"
22,24,키즈/어린이,서은일상이야기,"10,700,000","2,561,440,000",694
23,23,키즈/어린이,Toymong tv 토이몽TV,"10,700,000","4,388,120,000","1,646"
24,25,음악/댄스/가수,Stone Music Entertainment,"10,600,000","9,193,980,000","9,648"
25,26,TV/방송,MBCkpop,"10,200,000","8,594,010,000","44,682"
26,27,음악/댄스/가수,TOMORROW X TOGETHER OFFICIAL,"10,000,000","1,052,910,000","1,289"
27,28,키즈/어린이,Larva TUBA,"9,900,000","4,430,360,000","2,069"
28,29,키즈/어린이,서은이야기[SeoeunStory],"9,430,000","3,009,210,000","1,196"
29,30,음식/요리/레시피,쏘영 Ssoyoung,"9,290,000","1,301,990,000",713
30,32,음악/댄스/가수,Mnet TV,"9,030,000","11,351,940,000","21,593"
31,31,음악/댄스/가수,EXO,"9,030,000","726,550,000",326
32,33,키즈/어린이,Boram Tube [宝蓝和朋友们],"9,000,000","2,413,540,000",469
33,34,뉴스/정치/사회,MBCentertainment,"8,920,000","16,585,180,000","95,189"
34,35,음악/댄스/가수,SEVENTEEN,"8,820,000","3,504,050,000","1,330"
35,36,TV/방송,M2,"8,810,000","7,427,380,000","17,691"
36,37,음악/댄스/가수,iKON,"8,760,000","2,428,610,000",578
37,38,음식/요리/레시피,문복희 Eat with Boki,"8,590,000","2,293,680,000",655
38,39,해외,Serie A,"8,550,000","3,175,070,000","24,287"
39,40,음악/댄스/가수,이지금 [IU Official],"8,320,000","1,885,090,000",163
40,41,음악/댄스/가수,ITZY,"7,980,000","1,929,700,000",948
41,42,키즈/어린이,MariAndKids,"7,650,000","2,378,520,000",809
42,43,음식/요리/레시피,tzuyang쯔양,"7,580,000","1,660,170,000",475
43,44,뉴스/정치/사회,JTBC Entertainment,"7,550,000","11,396,990,000","76,114"
44,45,TV/방송,KBS Kpop,"7,440,000","6,468,750,000","36,285"
45,46,키즈/어린이,SonicToy소닉토이,"7,320,000","3,128,810,000",168
46,47,음식/요리/레시피,야미보이 Yummyboy,"7,290,000","2,949,470,000","1,020"
47,49,음악/댄스/가수,ENHYPEN,"7,130,000","1,070,900,000",722
48,48,TV/방송,스브스케이팝 X INKIGAYO,"7,130,000","5,496,670,000","31,772"
49,50,음악/댄스/가수,YG ENTERTAINMENT,"7,100,000","1,782,290,000",403
50,51,음악/댄스/가수,Sungha Jung,"7,030,000","1,963,990,000","1,367"
51,52,음악/댄스/가수,MAMAMOO,"6,900,000","2,260,940,000",816
52,53,음악/댄스/가수,ALL THE K-POP,"6,780,000","4,428,520,000","25,463"
53,54,키즈/어린이,미니특공대TV,"6,770,000","3,789,910,000","1,396"
54,55,회사/오피셜,YouTube Originals,"6,740,000","669,380,000",492
55,56,TV/방송,SBS Entertainment,"6,710,000","8,450,520,000","224,678"
56,57,음악/댄스/가수,TREASURE (트레저),"6,690,000","1,807,280,000",645
57,58,미분류,GH'S,"6,680,000","3,399,460,000",267
58,59,키즈/어린이,[장난감티비]TOYTV,"6,570,000","3,155,740,000","1,631"
59,60,TV/방송,tvN drama,"6,530,000","7,322,020,000","47,945"
60,61,TV/방송,SBS Drama,"6,480,000","7,059,380,000","344,617"
61,62,음악/댄스/가수,GOT7,"6,290,000","878,870,000",579
62,63,회사/오피셜,Samsung,"6,270,000","1,452,910,000","1,664"
63,64,패션/미용,PONY Syndrome,"5,940,000","363,670,000",236
64,65,키즈/어린이,With Kids Playground [위드키즈 놀이터],"5,910,000","2,179,270,000",438
65,66,음식/요리/레시피,5 분 Tricks,"5,750,000","2,231,220,000","4,216"
66,67,키즈/어린이,PinkyPopTOY,"5,740,000","981,730,000","1,567"
67,68,음악/댄스/가수,starshipTV,"5,700,000","3,698,950,000","2,104"
68,69,음식/요리/레시피,백종원 PAIK JONG WON,"5,670,000","810,550,000",486
69,70,음악/댄스/가수,NCT,"5,650,000","762,370,000",462
70,71,키즈/어린이,스위트티비 SweetTV,"5,610,000","2,838,690,000",437
71,72,음악/댄스/가수,NCT DREAM,"5,600,000","991,720,000",499
72,73,음악/댄스/가수,2NE1,"5,570,000","2,191,320,000",321
73,74,BJ/인물/연예인,영국남자 Korean Englishman,"5,530,000","1,890,270,000",501
74,75,미분류,MayTree,"5,440,000","1,134,120,000",214
75,77,키즈/어린이,미니팡TV,"5,430,000","3,563,520,000",873
76,76,키즈/어린이,TOY GUMA,"5,430,000","1,783,820,000",380
77,78,음악/댄스/가수,Rosesarerosie,"5,400,000","53,590,000",9
78,79,키즈/어린이,베이비버스 -인기 동요・동화,"5,300,000","3,734,840,000","1,544"
79,81,음식/요리/레시피,푸메Fume,"5,270,000","1,154,510,000",629
80,80,키즈/어린이,콩순이 Kongsuni,"5,270,000","4,914,470,000","1,406"
81,82,음악/댄스/가수,Red Velvet,"5,260,000","1,188,800,000",266
82,83,BJ/인물/연예인,[Awesome Haeun]어썸하은,"5,200,000","864,310,000",521
83,84,뉴스/정치/사회,SBS NOW / SBS 공식 채널,"5,190,000","5,539,720,000","23,182"
84,85,음악/댄스/가수,BT21,"5,130,000","457,480,000",313
85,86,음악/댄스/가수,NCT 127,"5,040,000","821,140,000",481
86,87,TV/방송,채널 십오야,"5,030,000","1,293,610,000",719
87,88,TV/방송,KBS Entertain,"5,020,000","8,750,260,000","113,338"
88,89,TV/방송,MBCdrama,"4,890,000","5,655,180,000","59,042"
89,91,키즈/어린이,ToyMart TV,"4,860,000","2,032,280,000",662
90,90,음식/요리/레시피,떵개떵,"4,860,000","2,919,550,000","4,810"
91,92,음악/댄스/가수,(G)I-DLE (여자)아이들 (Official YouTube Channel),"4,850,000","2,140,160,000",483
92,93,음악/댄스/가수,ASTRO 아스트로,"4,840,000","549,860,000",605
93,94,애완/반려동물,SBS TV동물농장x애니멀봐,"4,770,000","4,530,400,000","3,955"
94,95,키즈/어린이,뽀로로(Pororo),"4,700,000","6,682,720,000","4,050"
95,96,TV/방송,JTBC Drama,"4,690,000","5,086,390,000","27,000"
96,98,키즈/어린이,CoCosToy 꼬꼬스토이,"4,670,000","2,876,490,000",656
97,97,음식/요리/레시피,Cooking tree 쿠킹트리,"4,670,000","469,430,000","1,410"
98,99,음식/요리/레시피,까니짱 [ G-NI : 蟹ちゃん],"4,650,000","1,350,180,000",719
99,100,게임,EA SPORTS FIFA,"4,540,000","838,790,000",803
100,101,TV/방송,채널 NCT DAILY,"4,460,000","837,140,000",467
101,102,미분류,매일맛나 delicious day,"4,410,000","434,210,000",303
102,103,음식/요리/레시피,하루한끼 one meal a day,"4,380,000","461,050,000",209
103,104,키즈/어린이,슈슈토이 Shushu ToysReview,"4,350,000","1,679,710,000",778
104,106,취미/라이프,JaeYeol ASMR 재열,"4,330,000","1,298,350,000","1,177"
105,105,음악/댄스/가수,Raon,"4,330,000","1,092,790,000",371
106,107,음악/댄스/가수,STUDIO CHOOM [스튜디오 춤],"4,290,000","2,242,450,000","1,328"
107,108,TV/방송,딩고 뮤직 / dingo music,"4,200,000","1,748,900,000","1,845"
108,109,키즈/어린이,유별나 youbyulna,"4,180,000","1,125,140,000",440
109,110,음식/요리/레시피,[Dorothy]도로시,"4,170,000","1,032,280,000",921
110,111,TV/방송,tvN D ENT,"4,150,000","8,803,020,000","23,318"
111,112,BJ/인물/연예인,허팝Heopop,"4,040,000","3,673,050,000","2,065"
112,113,음악/댄스/가수,WINNER,"4,020,000","1,410,490,000",589
113,114,BJ/인물/연예인,ARTBEAT,"3,940,000","1,230,270,000","2,202"
114,115,음식/요리/레시피,ZOEY ASMR 조이,"3,930,000","1,008,040,000",796
115,116,키즈/어린이,키즈팡TV,"3,900,000","2,376,440,000","2,226"
116,117,TV/방송,워크맨-Workman,"3,860,000","950,040,000",211
117,119,키즈/어린이,Romiyu Vlog로미유 브이로그,"3,850,000","1,205,240,000",273
118,118,키즈/어린이,제이제이 튜브 [JJ Tube],"3,850,000","2,486,800,000",513
119,120,TV/방송,TV-People,"3,840,000","4,515,510,000","19,513"
120,121,키즈/어린이,EVANS,"3,830,000","7,305",2
121,122,TV/방송,KBS Drama,"3,810,000","5,139,630,000","127,625"
122,123,음악/댄스/가수,Jessi,"3,790,000","804,700,000",60
123,124,키즈/어린이,Lime Tube[라임튜브],"3,780,000","2,808,800,000","2,117"
124,126,뉴스/정치/사회,YTN,"3,760,000","9,946,660,000","649,741"
125,125,애완/반려동물,크림히어로즈,"3,750,000","1,579,600,000","1,111"
126,127,음식/요리/레시피,푸드킹덤 Food Kingdom,"3,740,000","1,697,680,000","1,087"
127,128,BJ/인물/연예인,waveya 2011,"3,710,000","1,386,600,000",767
128,130,취미/라이프,drawholic,"3,670,000","464,650,000",384
129,129,음악/댄스/가수,백현 Baekhyun,"3,670,000","47,760,000",16
130,131,회사/오피셜,Billboard,"3,620,000","1,301,840,000","8,514"
131,132,TV/방송,tvN,"3,610,000","5,816,280,000","72,834"
132,133,키즈/어린이,Milana FamilyShow[EN],"3,600,000","1,039,380,000",106
133,134,키즈/어린이,English Singsing,"3,560,000","797,650,000","1,104"
134,135,키즈/어린이,Boram y Juguetes,"3,530,000","849,880,000",426
135,136,TV/방송,JTBC Voyage,"3,520,000","4,861,810,000","10,848"
136,137,음악/댄스/가수,imlisarhee,"3,490,000","536,270,000",666
137,138,영화/만화/애니,장삐쭈,"3,480,000","1,701,300,000",451
138,140,음악/댄스/가수,KARD,"3,470,000","736,640,000",356
139,139,키즈/어린이,헤이지니 Hey Jini,"3,470,000","2,495,910,000","1,509"
140,141,TV/방송,솔라시도 solarsido,"3,410,000","242,600,000",337
141,145,키즈/어린이,Like Nastya KOR,"3,350,000","944,350,000",490
142,144,음식/요리/레시피,Chihun ASMR 치훈,"3,350,000","713,800,000",680
143,143,TV/방송,옛드 : MBC 레전드 드라마,"3,350,000","6,106,910,000","44,632"
144,142,키즈/어린이,EBS 키즈,"3,350,000","4,475,870,000","20,457"
145,147,키즈/어린이,리월드RIWORLD,"3,310,000","1,345,620,000",213
146,146,BJ/인물/연예인,보겸TV,"3,310,000","2,716,170,000","8,926"
147,148,키즈/어린이,럭키강이 LuckyKang i,"3,300,000","1,502,680,000","1,499"
148,149,음악/댄스/가수,JAY PARK,"3,240,000","1,010,400,000",167
149,151,취미/라이프,사나고 Sanago,"3,230,000","473,420,000",173
150,150,키즈/어린이,Boys Playtime,"3,230,000","1,622,230,000",617
151,152,음식/요리/레시피,유디티TV,"3,200,000","680,990,000","1,155"
152,155,음악/댄스/가수,HyunA,"3,140,000","565,980,000",83
153,154,키즈/어린이,MariAndToys,"3,140,000","1,370,000",70
154,153,키즈/어린이,Adventure Story 어드벤처 스토리,"3,140,000","1,817,590,000","3,619"
155,156,뉴스/정치/사회,SBS 뉴스,"3,130,000","5,703,590,000","156,138"
156,157,취미/라이프,odg,"3,120,000","603,120,000",169
157,158,키즈/어린이,Bob ToysReview,"3,090,000","1,396,770,000",186
158,160,게임,소맥거핀,"3,080,000","1,135,630,000",275
159,159,스포츠/운동,피지컬갤러리,"3,080,000","753,870,000",817
160,161,취미/라이프,Thankyou BUBU,"3,060,000","569,810,000",134
161,162,음식/요리/레시피,FRAN,"3,040,000","1,107,380,000","1,841"
162,164,TV/방송,ATEEZ,"3,030,000","467,370,000",806
163,163,TV/방송,EBSDocumentary (EBS 다큐),"3,030,000","2,808,900,000","33,120"
164,165,TV/방송,런닝맨 - 스브스 공식 채널,"3,020,000","4,535,410,000","54,852"
165,166,뉴스/정치/사회,MBCNEWS,"3,000,000","8,769,680,000","169,466"
166,167,뉴스/정치/사회,TVCHOSUN - TV조선,"2,990,000","5,047,960,000","80,727"
167,168,BJ/인물/연예인,JOLLY,"2,930,000","710,620,000",507
168,169,음식/요리/레시피,애정 Aejeong,"2,910,000","546,770,000",556
169,170,음악/댄스/가수,새송 Saesong,"2,900,000","315,690,000",255
170,171,음식/요리/레시피,지현꿍,"2,880,000","285,840,000",138
171,172,음악/댄스/가수,GIRLS' GENERATION,"2,870,000","354,180,000",128
172,173,음식/요리/레시피,양수빈,"2,860,000","527,370,000",391
173,176,키즈/어린이,꼬마버스 타요,"2,850,000","2,204,830,000","2,817"
174,175,뉴스/정치/사회,SBS Catch,"2,850,000","3,072,980,000","5,065"
175,174,취미/라이프,팬케이Pan K The Pancake Artist,"2,850,000","930,090,000",604
176,177,음악/댄스/가수,AKMU,"2,800,000","902,220,000",164
177,178,BJ/인물/연예인,International Couple[사샤와 제이],"2,800,000","420,190,000",202
178,179,스포츠/운동,김종국 GYM JONG KOOK,"2,780,000","234,100,000",83
179,180,음식/요리/레시피,나도Nado,"2,760,000","792,880,000",826
180,186,미분류,행복지수 103%,"2,720,000","10,870,000",1
181,181,음식/요리/레시피,한세 HANSE,"2,720,000","435,570,000",648
182,182,음악/댄스/가수,THEBLACKLABEL,"2,690,000","744,920,000",126
183,183,음식/요리/레시피,흥삼이네 Heungsam's Family,"2,690,000","1,418,170,000","1,583"
184,185,TV/방송,옐언니,"2,640,000","1,786,690,000",670
185,184,뉴스/정치/사회,JTBC News,"2,640,000","5,723,580,000","156,131"
186,187,BJ/인물/연예인,진용진,"2,630,000","902,910,000",514
187,188,취미/라이프,ASMR PPOMO,"2,620,000","779,200,000",581
188,190,해외,The Wiggles,"2,580,000","3,406,540,000",760
189,189,영화/만화/애니,지무비 : G Movie,"2,580,000","1,063,130,000",438
190,192,키즈/어린이,"토닥토닥 꼬모 - 애니메이션, 동요, 놀이","2,560,000","3,113,480,000","1,054"
191,191,키즈/어린이,보라미TV BoramiTV,"2,550,000","892,200,000",605
192,193,교육/강의,슈카월드,"2,530,000","601,510,000","1,288"
193,194,영화/만화/애니,총몇명,"2,520,000","1,090,260,000",415
194,196,패션/미용,미지우 MEJIWOO,"2,480,000","48,500,000",62
195,195,TV/방송,PLAYLIST ORIGINALS 플레이리스트 오리지널,"2,480,000","1,059,750,000",878
196,197,BJ/인물/연예인,흔한남매,"2,460,000","2,845,710,000","1,029"
197,199,TV/방송,스브스 예능맛집,"2,440,000","2,188,630,000","4,308"
198,198,음악/댄스/가수,THE K-POP,"2,440,000","824,750,000","11,810"
199,201,음악/댄스/가수,MONSTA X,"2,420,000","427,050,000",423
200,200,음악/댄스/가수,OfficialGDRAGON,"2,410,000","141,410,000",2
201,202,키즈/어린이,ToyFamily,"2,400,000","440,000",38
202,203,미분류,숏박스,"2,380,000","352,360,000",70
203,204,음악/댄스/가수,SHINee,"2,370,000","285,400,000",232
204,206,영화/만화/애니,짤툰,"2,360,000","1,868,900,000","1,168"
205,205,뉴스/정치/사회,채널A 캔버스,"2,360,000","3,114,070,000","37,428"
206,210,영화/만화/애니,CheezeFilm,"2,350,000","657,660,000",282
207,208,키즈/어린이,JUN JUN,"2,350,000","762,750,000",932
208,207,게임,도티 TV,"2,350,000","2,770,290,000","3,451"
209,209,음악/댄스/가수,mirrorHD,"2,340,000","1,334,020,000",208
210,212,미분류,Kep1er,"2,330,000","516,610,000",286
211,211,음악/댄스/가수,KQ ENTERTAINMENT,"2,330,000","994,910,000",571
212,215,음악/댄스/가수,채널 NCT MUSIC,"2,300,000","202,480,000",29
213,214,음악/댄스/가수,여자친구 GFRIEND OFFICIAL,"2,300,000","597,000,000",515
214,213,음악/댄스/가수,SUPER JUNIOR,"2,300,000","164,900,000",287
215,218,TV/방송,디글 :Diggle,"2,290,000","5,296,350,000","24,213"
216,217,음악/댄스/가수,A-YEON,"2,290,000","295,900,000",60
217,216,IT/기술/컴퓨터,ITSub잇섭,"2,290,000","859,280,000","1,004"
218,220,음악/댄스/가수,United CUBE (CUBE Entertainment Official YouTube Channel),"2,280,000","751,740,000","1,597"
219,219,BJ/인물/연예인,VIVA DANCE STUDIO,"2,280,000","445,530,000","2,935"
220,223,음악/댄스/가수,GOT7,"2,270,000","85,490,000",27
221,222,키즈/어린이,캐릭온 TV,"2,270,000","2,455,430,000",970
222,221,키즈/어린이,MariAndFriends,"2,270,000","1,769,520,000","2,041"
223,226,음악/댄스/가수,official IZ*ONE,"2,260,000","737,950,000",270
224,225,음악/댄스/가수,거리노래방,"2,260,000","325,620,000","1,053"
225,224,BJ/인물/연예인,엔조이커플enjoycouple,"2,260,000","963,680,000",677
226,242,미분류,승비니 Seungbini,"2,250,000","1,591,810,000",868
227,230,키즈/어린이,[wonderkids TV] 원더키즈 TV,"2,250,000","1,037,470,000","1,017"
228,229,교육/강의,디바제시카DeevaJessica,"2,250,000","1,037,740,000","3,305"
229,228,음식/요리/레시피,JerryPop,"2,250,000","837,800,000",413
230,227,패션/미용,RISABAE,"2,250,000","296,890,000",442
231,234,미분류,IVE,"2,240,000","644,610,000",241
232,233,TV/방송,아는형님 Knowingbros,"2,240,000","1,404,500,000","3,431"
233,232,키즈/어린이,또봇 · 슈퍼텐 [Tobot · Super10],"2,240,000","2,874,150,000","2,161"
234,231,주식/경제/부동산,삼프로TV_경제의신과함께,"2,240,000","886,690,000","10,386"
235,235,음식/요리/레시피,[Nareum_TV] 나름TV,"2,240,000","781,010,000",874
236,239,키즈/어린이,토이영어TV - ToyEnglishTV,"2,220,000","1,371,500,000",24
237,238,미분류,뽀송한 준_bosungjun,"2,210,000","227,690,000",323
238,237,BJ/인물/연예인,해그린달 haegreendal,"2,210,000","97,590,000",62
239,236,게임,감스트GAMST,"2,210,000","1,683,920,000","4,598"
240,241,음악/댄스/가수,채널 NCT DANCE,"2,190,000","213,360,000",42
241,240,TV/방송,보길 bogil,"2,190,000","890,890,000","1,140"
242,245,음악/댄스/가수,헨리 Henry Lau,"2,170,000","238,620,000",220
243,244,음식/요리/레시피,도남이먹방Donam,"2,170,000","730,370,000","1,027"
244,243,BJ/인물/연예인,와썹맨-Wassup Man,"2,170,000","330,830,000",193
245,248,미분류,1분요리 뚝딱이형,"2,160,000","765,340,000",569
246,247,뉴스/정치/사회,디글 클래식 :Diggle Classic,"2,160,000","5,382,780,000","28,266"
247,246,영화/만화/애니,고몽,"2,160,000","1,163,040,000",664
248,249,음악/댄스/가수,MLD ENTERTAINMENT,"2,150,000","855,580,000",664
249,252,음악/댄스/가수,4Minute 포미닛(Official YouTube Channel),"2,140,000","1,352,450,000",82
250,251,음식/요리/레시피,꿀키honeykki,"2,140,000","276,930,000",448
251,250,교육/강의,올리버쌤,"2,140,000","737,520,000",803
252,255,미분류,차린건 쥐뿔도 없지만,"2,130,000","137,100,000",19
253,254,음악/댄스/가수,AOMGOFFICIAL,"2,130,000","621,050,000",435
254,253,애완/반려동물,수리노을SuriNoel,"2,130,000","813,830,000","1,193"
255,256,미분류,LE SSERAFIM,"2,100,000","493,210,000",233
256,258,음악/댄스/가수,CL Official Channel,"2,090,000","276,770,000",72
257,257,미분류,ROOKIE MING 루키밍,"2,090,000","1,233,670,000",759
258,260,패션/미용,free지아,"2,070,000","24,670,000",34
259,261,뉴스/정치/사회,KBS News,"2,070,000","3,819,720,000","233,356"
260,259,음식/요리/레시피,밴쯔,"2,070,000","1,162,240,000","2,590"
261,266,미분류,꿀주부 Honeyjubu,"2,060,000","186,150,000",149
262,265,음식/요리/레시피,이 남자의 cook,"2,050,000","438,490,000",724
263,264,애완/반려동물,[THE SOY]루퐁이네,"2,050,000","757,920,000",489
264,263,음식/요리/레시피,FoodieBoy 푸디보이,"2,050,000","734,660,000","1,499"
265,262,게임,잠뜰 TV,"2,050,000","3,085,750,000","3,384"
266,267,애완/반려동물,밀키복이탄이MilkyBokiTan,"2,040,000","694,470,000",492
267,271,키즈/어린이,캐리TV 장난감친구들,"2,030,000","2,819,500,000","3,036"
268,270,취미/라이프,Imaginative Guy,"2,030,000","677,940,000",130
269,269,TV/방송,dingo freestyle,"2,030,000","1,341,380,000","1,227"
270,268,영화/만화/애니,레이디버그TV,"2,030,000","79,680,000",183
271,283,미분류,NewJeans,"2,010,000","453,510,000",124
272,272,BJ/인물/연예인,공대생 변승주 DS,"2,010,000","1,553,270,000","1,652"
273,275,음악/댄스/가수,CHEN,"2,000,000","37,900,000",15
274,274,게임,침착맨,"2,000,000","1,450,680,000","6,394"
275,273,TV/방송,퇴경아 약먹자,"2,000,000","360,410,000",694
276,277,음악/댄스/가수,loonatheworld,"1,990,000","811,380,000","1,110"
277,276,음악/댄스/가수,EXID_OFFICIAL,"1,990,000","718,770,000",341
278,278,뉴스/정치/사회,채널A 뉴스,"1,980,000","3,022,140,000","79,400"
279,281,스포츠/운동,Allblanc TV,"1,970,000","233,610,000",510
280,280,음악/댄스/가수,woolliment,"1,970,000","898,800,000",918
281,279,TV/방송,MBN Entertainment,"1,970,000","2,074,760,000","59,545"
282,282,음악/댄스/가수,비몽,"1,960,000","1,063,260,000","5,108"
283,286,미분류,1theK Originals - 원더케이 오리지널,"1,940,000","1,133,610,000","2,040"
284,285,키즈/어린이,Dollightful,"1,940,000","310,320,000",164
285,284,음악/댄스/가수,THE BOYZ,"1,940,000","521,660,000",681
286,290,키즈/어린이,WildBrain 한국어,"1,920,000","771,860,000","2,754"
287,289,음악/댄스/가수,ARIRANG K-POP,"1,920,000","831,390,000","30,984"
288,288,키즈/어린이,Toy Wizard [토이위자드],"1,920,000","30,290,000",29
289,287,키즈/어린이,대문밖장덕대,"1,920,000","889,810,000","1,622"
290,292,뉴스/정치/사회,EBSCulture (EBS 교양),"1,900,000","1,376,290,000","44,405"
291,291,음악/댄스/가수,BTOB 비투비 (Official YouTube Channel),"1,900,000","597,160,000",905
292,295,키즈/어린이,핑키팝토이,"1,890,000","882,350,000","1,037"
293,294,키즈/어린이,유라야놀자(Let's play YURA),"1,890,000","2,185,140,000","1,717"
294,293,키즈/어린이,뉴욕이네,"1,890,000","80,470,000",378
295,299,키즈/어린이,두두팝토이,"1,880,000","1,069,130,000","1,286"
296,298,음악/댄스/가수,DAY6,"1,880,000","468,650,000",411
297,297,TV/방송,문명특급 - MMTG,"1,880,000","575,100,000",360
298,296,TV/방송,tvN D STUDIO,"1,880,000","671,800,000","1,271"
299,303,키즈/어린이,Lime Doodles,"1,860,000","675,950,000","1,086"
300,302,키즈/어린이,자이언트 펭TV,"1,860,000","459,880,000",490
301,301,TV/방송,오킹tv,"1,860,000","916,200,000","1,738"
302,300,음악/댄스/가수,셀프어쿠스틱selfacoustic,"1,860,000","483,030,000",216
303,304,패션/미용,Wishtrend TV,"1,850,000","177,370,000",991
304,306,키즈/어린이,Clay Adventure 클레이 모험,"1,840,000","1,046,540,000","1,222"
305,305,교육/강의,데이브 World of Dave,"1,840,000","468,750,000",673
306,310,미분류,Stray Kids Japan Official Youtube,"1,830,000","227,090,000",114
307,309,BJ/인물/연예인,[상윤쓰]Sangyoon,"1,830,000","425,940,000",200
308,308,스포츠/운동,SPOTV,"1,830,000","1,498,400,000","31,445"
309,307,IT/기술/컴퓨터,밝은 면 Bright Side Korea,"1,830,000","552,610,000","4,564"
310,312,TV/방송,KBS 한국방송,"1,820,000","1,724,800,000","30,972"
311,311,음식/요리/레시피,입짧은햇님,"1,820,000","805,550,000","2,870"
312,316,미분류,1분미만,"1,810,000","500,130,000",268
313,315,애완/반려동물,내셔널지오그래픽 - National Geographic Korea,"1,810,000","841,620,000","3,531"
314,314,음식/요리/레시피,ASMR Suna 꿀꿀선아,"1,810,000","463,960,000",457
315,313,키즈/어린이,꾹TV(Kkuk TV),"1,810,000","1,160,370,000","1,647"
316,320,미분류,Jung Kook - Topic,"1,800,000","51,670,000",4
317,319,취미/라이프,피식대학Psick Univ,"1,800,000","668,980,000",743
318,318,뉴스/정치/사회,진성호방송,"1,800,000","3,359,570,000","12,673"
319,317,패션/미용,조효진 HYOJIN,"1,800,000","214,040,000",410
320,321,교육/강의,jannahkorea 잔나코리아,"1,790,000","226,970,000",531
321,324,미분류,사피엔스 스튜디오,"1,760,000","520,210,000","3,964"
322,323,음악/댄스/가수,OfficialLEEHI,"1,760,000","484,580,000",106
323,322,BJ/인물/연예인,보물섬,"1,760,000","1,434,070,000",556
324,326,주식/경제/부동산,신사임당,"1,750,000","298,630,000","1,495"
325,325,음악/댄스/가수,FNCEnt,"1,750,000","400,700,000","1,599"
326,329,음악/댄스/가수,SUGA - Topic,"1,740,000","109,940,000",20
327,328,음악/댄스/가수,DJ SODA OFFICIAL,"1,740,000","240,460,000",168
328,327,TV/방송,콬TV,"1,740,000","673,990,000","1,134"
329,332,키즈/어린이,seohyun toys [서현토이즈],"1,730,000","232,740,000",187
330,331,게임,악동 김블루,"1,730,000","1,238,240,000","1,128"
331,330,애완/반려동물,슈앤트리 SHU AND TREE,"1,730,000","410,090,000",513
332,333,TV/방송,INTHESOOP_TV,"1,720,000","44,690,000",54
333,335,키즈/어린이,티디키즈 (인기 동요・동화),"1,710,000","1,106,150,000",544
334,334,키즈/어린이,깨비키즈 [KEBIKIDS],"1,710,000","1,858,470,000","2,059"
335,339,키즈/어린이,Zorip - Nursery Rhymes,"1,700,000","537,760,000",25
336,338,음악/댄스/가수,시즌비시즌 Season B Season,"1,690,000","276,700,000",118
337,337,음악/댄스/가수,PENTAGON 펜타곤 (Official YouTube Channel),"1,690,000","318,870,000",713
338,336,음악/댄스/가수,Daily Busking,"1,690,000","694,020,000","1,014"
339,344,취미/라이프,낄낄상회,"1,680,000","714,420,000",570
340,343,게임,혜안,"1,680,000","798,280,000","1,053"
341,342,뉴스/정치/사회,세바시 강연 Sebasi Talk,"1,680,000","399,250,000","2,519"
342,341,키즈/어린이,지니키즈 Genikids (인기 동요・동화),"1,680,000","1,374,410,000","1,203"
343,340,음식/요리/레시피,HONG SOUND,"1,680,000","493,110,000","1,232"
344,348,TV/방송,KBS HUMAN: 뭉클티비,"1,670,000","958,540,000","5,906"
345,347,게임,T1 Faker,"1,670,000","350,270,000","1,301"
346,346,BJ/인물/연예인,더블비,"1,670,000","1,169,690,000",559
347,345,게임,양띵 유튜브,"1,670,000","2,050,270,000","8,804"
348,350,음식/요리/레시피,승우아빠,"1,660,000","636,850,000",920
349,349,TV/방송,조재원,"1,660,000","537,030,000",373
350,354,음악/댄스/가수,DOJIN도진이,"1,650,000","95,810,000",60
351,353,뉴스/정치/사회,KBS Drama Classic,"1,650,000","1,645,760,000","18,750"
352,352,음악/댄스/가수,워너뮤직코리아 (Warner Music Korea),"1,650,000","1,057,840,000","3,458"
353,351,패션/미용,이수현 Official,"1,650,000","115,820,000",150
354,357,뉴스/정치/사회,SBS STORY,"1,640,000","2,053,630,000","83,070"
355,356,TV/방송,14F 일사에프,"1,640,000","690,470,000","3,441"
356,355,TV/방송,한문철 TV,"1,640,000","2,147,300,000","19,633"
357,360,음식/요리/레시피,ETTV 이티티비,"1,630,000","718,230,000","1,320"
358,359,음악/댄스/가수,Dreamcatcher official,"1,630,000","535,630,000",570
359,358,교육/강의,스터디언,"1,630,000","230,700,000","3,168"
360,367,키즈/어린이,Super JoJo-인기동요,"1,610,000","756,400,000",498
361,364,미분류,Christian Dior,"1,610,000","530,310,000","1,093"
362,363,미분류,엠뚜루마뚜루 : MBC 공식 종합 채널,"1,610,000","2,565,740,000","4,140"
363,362,음악/댄스/가수,NU'EST,"1,610,000","265,600,000",687
364,361,음악/댄스/가수,버블디아,"1,610,000","455,600,000","1,300"
365,370,미분류,planD플랜디,"1,600,000","206,590,000",180
366,369,미분류,NMIXX,"1,600,000","287,820,000",205
367,366,게임,우주하마,"1,600,000","1,032,250,000","2,196"
368,365,BJ/인물/연예인,웃소 Wootso,"1,600,000","1,879,880,000",900
369,368,TV/방송,MKTV 김미경TV,"1,590,000","330,920,000","1,964"
370,371,게임,뜨뜨뜨뜨,"1,570,000","837,750,000","1,737"
371,375,키즈/어린이,브라보키즈,"1,560,000","113,890,000",151
372,374,게임,대도서관TV (buzzbean11),"1,560,000","1,505,800,000","10,260"
373,373,BJ/인물/연예인,JAYKEEOUT,"1,560,000","242,790,000",236
374,372,게임,김재원의 즐거운 세상,"1,560,000","2,026,910,000","2,569"
375,379,BJ/인물/연예인,혜리,"1,550,000","98,150,000",91
376,378,음악/댄스/가수,Lemoring,"1,550,000","1,066,450,000",567
377,377,음식/요리/레시피,칩chip,"1,550,000","236,990,000",39
378,376,교육/강의,Talk To Me In Korean,"1,550,000","73,030,000","1,646"
379,381,미분류,김작가 TV,"1,540,000","383,100,000","2,529"
380,385,교육/강의,seemile Korean,"1,540,000","107,730,000","1,239"
381,380,음식/요리/레시피,슈기님,"1,540,000","639,600,000","1,430"
382,384,뉴스/정치/사회,뉴스TVCHOSUN,"1,530,000","1,393,110,000","80,979"
383,383,키즈/어린이,Edu car toy school,"1,530,000","802,600,000","1,394"
384,382,음식/요리/레시피,파뿌리,"1,530,000","1,693,060,000","1,618"
385,388,TV/방송,Beginagain 비긴어게인,"1,520,000","766,420,000","1,549"
386,387,뉴스/정치/사회,KBS 다큐,"1,520,000","967,710,000","39,744"
387,386,게임,태경 TV,"1,520,000","2,392,170,000","3,017"
388,391,뉴스/정치/사회,MBN News,"1,510,000","1,678,180,000","134,262"
389,390,교육/강의,사물궁이 잡학지식,"1,510,000","276,640,000",371
390,389,영화/만화/애니,김시선,"1,510,000","583,390,000",523
391,395,키즈/어린이,리콩수콩RikongSukong,"1,500,000","470,220,000",613
392,394,교육/강의,조승연의 탐구생활,"1,500,000","138,040,000",313
393,393,TV/방송,동네놈들,"1,500,000","404,510,000",448
394,392,키즈/어린이,헬로카봇 - hello carbot official,"1,500,000","1,438,120,000","1,462"
395,398,TV/방송,그것이 알고싶다,"1,490,000","526,320,000",755
396,397,음악/댄스/가수,선미 SUNMI,"1,490,000","498,260,000",277
397,396,음식/요리/레시피,최고다윽박,"1,490,000","950,760,000","1,873"
398,401,회사/오피셜,미스&미스터트롯,"1,480,000","1,580,990,000","5,341"
399,400,음악/댄스/가수,Chuther츄더[문에스더],"1,480,000","251,450,000",198
400,399,TV/방송,Mera,"1,480,000","1,330,220,000","7,871"
401,408,미분류,너덜트,"1,470,000","180,470,000",39
402,407,미분류,CHUNG HA_Official,"1,470,000","486,630,000",335
403,406,IT/기술/컴퓨터,약사가 들려주는 약 이야기,"1,470,000","213,270,000",530
404,405,음악/댄스/가수,ONEUS,"1,470,000","360,580,000",625
405,404,게임,우왁굳의 게임방송,"1,470,000","1,506,670,000","7,715"
406,403,패션/미용,ssin 씬님,"1,470,000","449,190,000",757
407,402,뉴스/정치/사회,신의한수,"1,470,000","1,114,400,000","8,454"
408,413,미분류,STAYC,"1,460,000","608,700,000",327
409,412,BJ/인물/연예인,임영웅,"1,460,000","1,838,570,000",636
410,411,TV/방송,안구정화티비 Your Korean Friend Angoo,"1,460,000","135,350,000",227
411,410,뉴스/정치/사회,TBS 시민의방송,"1,460,000","1,568,290,000","39,430"
412,409,애완/반려동물,강형욱의 보듬TV,"1,460,000","298,210,000",733
413,416,키즈/어린이,키글TV - 키즈 앱・장난감,"1,450,000","777,290,000","1,891"
414,415,음악/댄스/가수,TJ KARAOKE TJ 노래방 공식 유튜브채널,"1,450,000","1,961,750,000","60,192"
415,414,TV/방송,BLACKHAND,"1,450,000","375,810,000",59
416,417,음악/댄스/가수,GENIE MUSIC,"1,430,000","514,740,000","4,610"
417,422,미분류,스튜디오 와플 - STUDIO WAFFLE,"1,420,000","391,350,000",267
418,421,음식/요리/레시피,히밥heebab,"1,420,000","498,750,000",620
419,420,음악/댄스/가수,Apink (에이핑크),"1,420,000","510,360,000",788
420,419,TV/방송,디스커버리 서바이벌 - Discovery Survival,"1,420,000","506,910,000",816
421,418,BJ/인물/연예인,양팡 YangPang,"1,420,000","1,585,940,000","2,786"
422,427,BJ/인물/연예인,신세경 sjkuksee,"1,410,000","56,790,000",40
423,426,TV/방송,오분순삭,"1,410,000","1,957,600,000","2,380"
424,425,음악/댄스/가수,K-Tigers TV,"1,410,000","218,030,000",509
425,424,음식/요리/레시피,엠브로 MBRO,"1,410,000",0,0
426,423,음식/요리/레시피,ARIKITCHEN (아리키친),"1,410,000","385,670,000",581
427,431,미분류,김소형 채널H,"1,400,000","300,900,000",966
428,430,국내/해외/여행,빠니보틀 Pani Bottle,"1,400,000","311,960,000",272
429,429,음식/요리/레시피,취미로 요리하는 남자 Yonam,"1,400,000","149,370,000",100
430,428,스포츠/운동,슛포러브,"1,400,000","884,710,000",956
431,436,키즈/어린이,리틀엔젤 인기동요 어린이노래 - Little Angel,"1,390,000","701,310,000",344
432,435,TV/방송,sNack!,"1,390,000","1,212,550,000","2,275"
433,434,BJ/인물/연예인,급식왕,"1,390,000","1,822,430,000",852
434,433,음악/댄스/가수,MOVE Dance Studio,"1,390,000","317,650,000","3,762"
435,432,애완/반려동물,크집사,"1,390,000","350,730,000",602
436,439,미분류,땅콩 Peanut,"1,380,000","694,610,000",49
437,438,음악/댄스/가수,2PM,"1,380,000","435,050,000",482
438,437,TV/방송,놀면 뭐하니?,"1,380,000","800,510,000","1,094"
439,442,미분류,CRAZY GREAPA,"1,370,000","1,958,140,000",579
440,441,음악/댄스/가수,BEAST 비스트 (Official YouTube Channel),"1,370,000","616,280,000",118
441,440,뉴스/정치/사회,오마이TV,"1,370,000","1,091,300,000","20,072"
442,443,BJ/인물/연예인,NALU,"1,360,000","105,570,000",175
443,451,미분류,고누리,"1,350,000","634,140,000",802
444,446,영화/만화/애니,Netflix Korea 넷플릭스 코리아,"1,350,000","474,280,000","2,154"
445,445,음악/댄스/가수,Rock Music,"1,350,000","721,500,000","8,660"
446,444,음식/요리/레시피,산적TV 밥굽남,"1,350,000","335,890,000",665
447,450,스포츠/운동,힙으뜸,"1,340,000","404,610,000",486
448,449,TV/방송,KBS CoolFM,"1,340,000","694,450,000","11,679"
449,448,영화/만화/애니,리뷰엉이: Owl's Review,"1,340,000","412,010,000",501
450,447,TV/방송,Solfa,"1,340,000","232,850,000",49
451,456,음악/댄스/가수,Prepix Dance Studio,"1,330,000","254,880,000","6,527"
452,455,TV/방송,우와한 비디오,"1,330,000","1,578,870,000","1,677"
453,454,패션/미용,kiu기우쌤,"1,330,000","488,450,000",464
454,453,BJ/인물/연예인,철구형 (CHULTUBE),"1,330,000","1,340,780,000","6,977"
455,452,TV/방송,모비딕 Mobidic,"1,330,000","491,350,000","1,563"
456,459,미분류,자취요리신 simple cooking,"1,320,000","244,290,000",609
457,458,음악/댄스/가수,지켜츄 Chuu Can Do It,"1,320,000","154,870,000",170
458,457,음식/요리/레시피,먹어볼래TryToEat,"1,320,000","231,160,000",273
459,462,음악/댄스/가수,SEVENTEEN Japan official Youtube,"1,310,000","263,570,000",122
460,461,TV/방송,스튜디오 잼스터,"1,310,000","448,680,000",502
461,460,BJ/인물/연예인,장지수,"1,310,000","491,030,000",946
462,469,미분류,7FATES: CHAKHO by HYBE,"1,300,000","58,060,000",32
463,468,미분류,김대석 셰프TV,"1,300,000","235,090,000",589
464,467,미분류,주부나라,"1,300,000","352,890,000","1,123"
465,466,TV/방송,달라스튜디오,"1,300,000","305,410,000",226
466,465,음악/댄스/가수,AOA,"1,300,000","745,370,000",198
467,464,뉴스/정치/사회,사람사는세상노무현재단,"1,300,000","176,200,000","1,043"
468,463,BJ/인물/연예인,정선호,"1,300,000","538,800,000",515
469,473,TV/방송,it's Live,"1,290,000","420,730,000",734
470,472,TV/방송,DGG,"1,290,000","412,760,000",460
471,471,BJ/인물/연예인,임다TV,"1,290,000","464,250,000","1,247"
472,470,취미/라이프,Squash Clay 쪼물쪼물 클레이,"1,290,000","257,940,000",484
473,476,미분류,퍼런안경_BLAS,"1,280,000","327,210,000",144
474,475,스포츠/운동,식빵언니 김연경 Bread Unnie,"1,280,000","84,950,000",87
475,474,키즈/어린이,뉴욕이랑 놀자 ♬,"1,280,000","275,810,000",512
476,481,키즈/어린이,토비아트 - TobiART,"1,270,000","434,630,000",134
477,480,미분류,제발돼라 PleaseBee,"1,270,000","340,740,000",225
478,479,영화/만화/애니,Tooniverse-투니버스,"1,270,000","933,990,000","4,171"
479,478,취미/라이프,휘트니 whitney bae,"1,270,000","326,030,000",313
480,477,취미/라이프,탱구TV,"1,270,000","48,910,000",27
481,495,미분류,엄마의손맛,"1,260,000","338,680,000",768
482,488,IT/기술/컴퓨터,의학채널 비온뒤,"1,260,000","381,440,000","8,161"
483,487,음악/댄스/가수,TAEYANG,"1,260,000","117,960,000",24
484,486,음악/댄스/가수,RealVIXX,"1,260,000","406,990,000",778
485,485,TV/방송,걍밍경,"1,260,000","131,510,000",81
486,484,애완/반려동물,정브르,"1,260,000","655,900,000","1,855"
487,483,게임,테스터훈 TesterHoon,"1,260,000","1,020,090,000","2,815"
488,482,TV/방송,딩고 스토리 / dingo story,"1,260,000","325,030,000",393
489,496,미분류,호갱구조대,"1,250,000","300,600,000",174
490,494,음식/요리/레시피,BenDeen,"1,250,000","200,740,000",528
491,493,TV/방송,키에커,"1,250,000","472,300,000",240
492,492,BJ/인물/연예인,ondo온도,"1,250,000","132,500,000",245
493,491,패션/미용,회사원A,"1,250,000","452,460,000",656
494,490,게임,겜브링 GGAM BRING,"1,250,000","1,588,040,000","2,562"
495,489,BJ/인물/연예인,박막례 할머니 Korea_Grandma,"1,250,000","463,120,000",509
496,502,미분류,[AmiAmi]아미아미,"1,240,000","355,840,000",425
497,501,미분류,핏블리 FITVELY,"1,240,000","480,380,000","1,127"
498,500,뉴스/정치/사회,빽능 - SBS 옛날 예능,"1,240,000","1,693,140,000","5,043"
499,499,음악/댄스/가수,DaftTaengk,"1,240,000","291,510,000",251
500,498,음식/요리/레시피,우리의식탁 W TABLE,"1,240,000","104,180,000",446
501,497,취미/라이프,Kim Miso,"1,240,000","104,620,000",452
502,508,BJ/인물/연예인,공부왕찐천재 홍진경,"1,230,000","201,680,000",191
503,507,BJ/인물/연예인,헌터퐝,"1,230,000","355,180,000",397
504,506,영화/만화/애니,달빛뮤즈,"1,230,000","407,830,000",862
505,505,게임,악어 유튜브,"1,230,000","1,562,620,000","7,351"
506,504,패션/미용,lamuqe,"1,230,000","123,420,000",290
507,503,음악/댄스/가수,Official A.C.E,"1,230,000","180,240,000",588
508,512,미분류,Girls On Top,"1,220,000","203,260,000",15
509,511,영화/만화/애니,Puuung,"1,220,000","60,450,000",340
510,510,TV/방송,Coreaníssima 엘레나,"1,220,000","92,980,000",249
511,509,TV/방송,피키픽처스 Piki Pictures,"1,220,000","471,000,000",574
512,517,주식/경제/부동산,미래에셋 스마트머니,"1,210,000","144,400,000","2,386"
513,516,TV/방송,eaJ,"1,210,000","42,560,000",14
514,515,영화/만화/애니,Hello Jadoo TV 안녕 자두야,"1,210,000","341,710,000",724
515,514,음식/요리/레시피,가르마[GARMA],"1,210,000","397,310,000","1,321"
516,513,음식/요리/레시피,DICKHUNTER딕헌터🌶,"1,210,000","344,510,000",454
517,525,음악/댄스/가수,성시경 SUNG SI KYUNG,"1,200,000","421,160,000",350
518,524,미분류,곽튜브KWAKTUBE,"1,200,000","257,100,000",272
519,523,뉴스/정치/사회,조선일보,"1,200,000","861,750,000","15,857"
520,522,키즈/어린이,브레드이발소,"1,200,000","641,950,000",981
521,521,교육/강의,법륜스님의 즉문즉설,"1,200,000","798,450,000","1,935"
522,520,뉴스/정치/사회,비디오머그 - VIDEOMUG,"1,200,000","2,017,630,000","6,044"
523,519,음악/댄스/가수,SUPER SOUND Bugs!,"1,200,000","786,280,000","3,812"
524,518,BJ/인물/연예인,수상한녀석들,"1,200,000","263,680,000",172
525,532,뉴스/정치/사회,SBS Radio 에라오,"1,190,000","674,880,000","18,480"
526,531,TV/방송,티캐스트 tcast,"1,190,000","1,191,020,000","7,988"
527,530,TV/방송,CJ ENM,"1,190,000","1,791,670,000","15,070"
528,529,BJ/인물/연예인,요리왕비룡 Korean Food Cooking,"1,190,000","252,830,000",816
529,528,BJ/인물/연예인,Lia Kim,"1,190,000","68,910,000",60
530,527,BJ/인물/연예인,사나이 김기훈,"1,190,000","800,860,000",864
531,526,애완/반려동물,haha ha,"1,190,000","467,200,000",564
532,540,미분류,웅이woongei,"1,180,000","390,870,000",549
533,539,회사/오피셜,SM C&C STUDIO,"1,180,000","174,480,000","1,326"
534,538,음악/댄스/가수,MUPLY 뮤플리,"1,180,000","391,800,000",758
535,537,음악/댄스/가수,MORE THAN YOUTH,"1,180,000","318,280,000",889
536,536,뉴스/정치/사회,연합뉴스TV,"1,180,000","1,585,880,000","441,620"
537,535,음식/요리/레시피,스윗더미 . Sweet The MI,"1,180,000","118,660,000",318
538,534,뉴스/정치/사회,딴지방송국,"1,180,000","295,320,000",813
539,533,취미/라이프,Bandung Oppa 반둥오빠,"1,180,000","112,380,000",504
540,545,미분류,RMC Sport,"1,170,000","580,150,000","27,943"
541,548,미분류,키즐 kizzle,"1,170,000","340,420,000",246
542,544,음식/요리/레시피,수빙수tv sooBingsoo,"1,170,000","421,520,000",390
543,543,게임,Partition Zion,"1,170,000","567,550,000","1,061"
544,542,패션/미용,다또아Daddoa,"1,170,000","94,160,000",190
545,541,취미/라이프,집꾸미기,"1,170,000","147,770,000",321
546,547,BJ/인물/연예인,Cheri Hyeri 체리 혜리,"1,160,000","168,700,000",427
547,546,영화/만화/애니,B Man 삐맨,"1,160,000","643,540,000",665
548,557,BJ/인물/연예인,크리스 [구 소련여자],"1,150,000","189,210,000",149
549,556,음식/요리/레시피,야식이,"1,150,000","447,830,000","1,409"
550,555,영화/만화/애니,뭅뭅,"1,150,000","376,240,000","3,090"
551,554,영화/만화/애니,PLAYY ANI 플레이애니,"1,150,000","493,300,000",729
552,553,TV/방송,준우,"1,150,000","463,190,000",347
553,552,키즈/어린이,마시따 MASITTA,"1,150,000","716,930,000",239
554,551,음식/요리/레시피,야식이,"1,150,000","447,830,000","1,409"
555,550,취미/라이프,rappeler하쁠리,"1,150,000","494,280,000",920
556,549,BJ/인물/연예인,강유미 yumi kang좋아서 하는 채널,"1,150,000","451,890,000",433
557,561,미분류,함께해요 맛나요리,"1,140,000","348,760,000",841
558,560,음악/댄스/가수,CLC 씨엘씨 (Official YouTube Channel),"1,140,000","268,850,000",188
559,559,BJ/인물/연예인,턱형 (GOD-TUK),"1,140,000","423,810,000",507
560,558,키즈/어린이,Minicar Story 미니카 스토리,"1,140,000","682,510,000","1,668"
561,566,음악/댄스/가수,강다니엘 KANGDANIEL,"1,130,000","199,600,000",177
562,565,미분류,지식한입,"1,130,000","117,670,000",122
563,564,음악/댄스/가수,KIM HYUN JOONG.official,"1,130,000","195,160,000",467
564,563,뉴스/정치/사회,신인균의 국방TV,"1,130,000","723,790,000","2,484"
565,562,음식/요리/레시피,애주가TV참PD,"1,130,000","592,570,000","1,277"
566,567,키즈/어린이,Boing Boing Kids,"1,120,000","316,190,000",6
567,573,키즈/어린이,나나의인형놀이 Nana'sDollPlay,"1,120,000","386,250,000",174
568,572,미분류,굿라이프,"1,110,000","184,850,000","1,856"
569,571,미분류,스토리,"1,110,000","248,780,000",69
570,570,TV/방송,SK telecom,"1,110,000","918,850,000","2,344"
571,569,뉴스/정치/사회,배승희 변호사,"1,110,000","193,600,000",404
572,568,키즈/어린이,퍼플 토이박스(Purple Toy Box),"1,110,000","685,650,000","1,440"
573,583,키즈/어린이,Jelly Pong,"1,100,000","260,790,000",70
574,582,주식/경제/부동산,[삼성증권] Samsung POP,"1,100,000","136,200,000","2,091"
575,581,TV/방송,옛능 : MBC 옛날 예능 다시보기,"1,100,000","1,831,040,000","3,074"
576,580,뉴스/정치/사회,KBS 교양,"1,100,000","917,340,000","69,104"
577,579,키즈/어린이,Toystar TV,"1,100,000","488,820,000",92
578,578,회사/오피셜,KB국민카드,"1,100,000","207,790,000",560
579,577,취미/라이프,효기심,"1,100,000","130,130,000",135
580,576,영화/만화/애니,드림텔러(DreamTeller),"1,100,000","208,970,000",194
581,575,국내/해외/여행,코이티비KOITV,"1,100,000","888,630,000","1,657"
582,574,TV/방송,이슈텔러 issueTeller,"1,100,000","512,530,000",752
583,590,키즈/어린이,woojoo우주,"1,090,000","361,000,000",85
584,589,음악/댄스/가수,PLEDIS ENTERTAINMENT,"1,090,000","285,460,000",258
585,588,음악/댄스/가수,CNBLUE (씨엔블루),"1,090,000","245,350,000",211
586,587,TV/방송,Dingo K-Drama,"1,090,000","210,670,000",411
587,586,게임,기리TV,"1,090,000","1,239,950,000","2,717"
588,585,게임,코너Korner,"1,090,000","803,900,000",814
589,584,취미/라이프,제이제이살롱드핏,"1,090,000","268,050,000",595
590,597,미분류,Tennis TV,"1,080,000","1,085,250,000","6,334"
591,596,미분류,양장금주부,"1,080,000","270,390,000",740
592,595,미분류,꽉잡아윤기-Kwakyoongy,"1,080,000","251,680,000",598
593,594,게임,유키 YOUKI,"1,080,000","264,980,000","1,002"
594,593,TV/방송,유병재,"1,080,000","235,570,000",203
595,592,TV/방송,z a m,"1,080,000","752,070,000","2,763"
596,591,음악/댄스/가수,UPVOTE Entertainment,"1,080,000","269,280,000","1,377"
597,604,키즈/어린이,해피팸(Happy family),"1,070,000","332,680,000",142
598,603,TV/방송,KBS동물티비 : 애니멀포유 animal4u,"1,070,000","890,410,000","2,920"
599,602,해외,ZeeKay Junior,"1,070,000","1,017,490,000","1,085"
600,601,해외,TNT,"1,070,000","686,290,000","4,770"
601,600,TV/방송,KBS 1라디오,"1,070,000","565,750,000","19,630"
602,599,패션/미용,써니채널 Sunny's Channel,"1,070,000","106,030,000",194
603,598,음식/요리/레시피,핫도그,"1,070,000","981,950,000","1,455"
604,625,키즈/어린이,Paint Jelly,"1,060,000","870,430,000",190
605,617,미분류,KCON official,"1,060,000","255,760,000","3,713"
606,616,미분류,이리오너라,"1,060,000","115,370,000","1,870"
607,615,미분류,짧은대본 ShortPaper,"1,060,000","410,310,000",274
608,614,TV/방송,KBS 같이삽시다,"1,060,000","600,830,000","5,802"
609,613,영화/만화/애니,WatchcarTV,"1,060,000","518,610,000",201
610,612,음악/댄스/가수,Official fromis_9,"1,060,000","430,590,000",789
611,611,TV/방송,V LIVE,"1,060,000","636,680,000","2,821"
612,610,뉴스/정치/사회,엠빅뉴스,"1,060,000","2,407,540,000","5,104"
613,609,게임,재넌Jaenune,"1,060,000","595,480,000","1,052"
614,608,미분류,빠더너스 BDNS,"1,060,000","350,350,000",591
615,607,패션/미용,LeoJ Makeup,"1,060,000","213,510,000",327
616,606,키즈/어린이,마이린 TV,"1,060,000","824,350,000","2,568"
617,605,게임,릴카,"1,060,000","451,010,000","1,038"
618,624,키즈/어린이,키글 토이 - 키즈 장난감,"1,050,000","567,480,000","1,127"
619,623,미분류,알간지Alganzi,"1,050,000","168,920,000",427
620,622,미분류,토모토모TomoTomo,"1,050,000","209,210,000",183
621,621,미분류,Bravo jamoasi,"1,050,000","240,530,000",136
622,620,BJ/인물/연예인,상해기SangHyuk,"1,050,000","300,250,000",573
623,619,영화/만화/애니,신비아파트 공식채널 - Shinbi House,"1,050,000","705,260,000","1,798"
624,628,국내/해외/여행,Rirang OnAir,"1,050,000","154,650,000",226
625,618,BJ/인물/연예인,유준호,"1,050,000","497,120,000","1,346"
626,633,미분류,하음쿠킹 Haeum Cooking,"1,040,000","171,930,000",71
627,632,영화/만화/애니,DAZBEE official,"1,040,000","427,850,000",162
628,631,영화/만화/애니,DinoCore TUBA,"1,040,000","741,560,000",860
629,630,TV/방송,뻑가 PPKKa,"1,040,000","852,620,000",886
630,629,TV/방송,sankokesl,"1,040,000","9,380,000",116
631,627,음식/요리/레시피,맛있는 녀석들 (Tasty Guys),"1,040,000","1,331,840,000","4,379"
632,626,키즈/어린이,토깽이네,"1,040,000","1,205,070,000","1,678"
633,641,미분류,BODA 보다,"1,030,000","596,220,000","1,115"
634,640,해외,Variety,"1,030,000","497,670,000","4,932"
635,639,미분류,채꾸똥꾸 (Cherry & Dong),"1,030,000","364,560,000",332
636,638,음악/댄스/가수,MUSIC&NEW 뮤직앤뉴,"1,030,000","1,168,120,000","8,602"
637,637,뉴스/정치/사회,한국경제TV,"1,030,000","250,350,000","30,080"
638,636,음악/댄스/가수,라이징 보이스 | RISING VOICE,"1,030,000","507,210,000","4,163"
639,635,게임,돼지저금통,"1,030,000","1,743,420,000","4,298"
640,634,BJ/인물/연예인,Sibong 시봉,"1,030,000","66,540,000",780
641,652,키즈/어린이,Bus Car Story 버스자동차 이야기,"1,020,000","490,110,000",360
642,651,게임,괴물쥐 유튜브,"1,020,000","949,840,000","1,253"
643,650,미분류,연스커플 Yeon's Couple,"1,020,000","235,210,000",332
644,649,음악/댄스/가수,OH MY GIRL,"1,020,000","566,950,000",411
645,648,TV/방송,fantagio 판타지오,"1,020,000","318,110,000",281
646,647,키즈/어린이,Action Story 액션 스토리,"1,020,000","493,230,000","1,654"
647,646,게임,쁘허,"1,020,000","411,970,000","1,194"
648,645,게임,잉여맨 유튜브,"1,020,000","1,046,770,000","2,586"
649,644,게임,램램TV,"1,020,000","929,760,000","2,655"
650,643,BJ/인물/연예인,긱블 Geekble,"1,020,000","337,630,000",460
651,642,TV/방송,딩고 스튜디오 / dingo studio,"1,020,000","369,670,000",789
652,661,키즈/어린이,Toy box,"1,010,000","192,560,000",391
653,660,미분류,Family Kim 패밀리김,"1,010,000","173,000,000",271
654,659,미분류,집밥 korean home cooking,"1,010,000","388,860,000","1,235"
655,658,뉴스/정치/사회,Newstapa,"1,010,000","317,150,000","4,064"
656,657,음식/요리/레시피,입질의추억TV jiminTV,"1,010,000","391,410,000",537
657,656,키즈/어린이,주니토니 동요동화 - 키즈캐슬,"1,010,000","873,940,000",840
658,655,BJ/인물/연예인,내가조우남,"1,010,000","446,590,000","1,218"
659,654,스포츠/운동,말왕TV,"1,010,000","381,600,000",970
660,653,게임,텔론,"1,010,000","1,102,190,000","4,110"
661,669,미분류,랄로,"1,000,000","477,590,000",425
662,668,미분류,정찬성 Korean Zombie,"1,000,000","273,190,000",257
663,667,음악/댄스/가수,MBC every1,"1,000,000","1,234,760,000","18,481"
664,666,음악/댄스/가수,빅마블,"1,000,000","4,700,000",16
665,665,교육/강의,공부의신 강성태,"1,000,000","309,460,000","2,831"
666,664,주식/경제/부동산,부읽남TV_내집마련부터건물주까지,"1,000,000","147,240,000","1,102"
667,663,애완/반려동물,소녀의행성 Girlsplanet,"1,000,000","391,640,000",524
668,662,TV/방송,밍꼬발랄Mingggo,"1,000,000","1,447,350,000",851
669,670,음식/요리/레시피,고기남자 MeatMan,"990,000","146,920,000",85
670,671,키즈/어린이,POYO Music Official,"990,000","800,720,000","1,623"
671,672,키즈/어린이,뚜아뚜지TV,"990,000","626,180,000","1,666"
672,678,미분류,할명수,"990,000","139,000,000",183
673,673,BJ/인물/연예인,U.M.A.우마,"990,000","259,670,000",147
674,674,패션/미용,디렉터 파이,"990,000","154,250,000",341
675,675,미분류,Louis Vuitton,"980,000","452,000,000",422
676,676,키즈/어린이,판타스틱  패밀리,"980,000","192,670,000",213
677,677,키즈/어린이,JoyKids,"980,000","569,430,000",258
678,680,미분류,주둥이방송,"980,000","446,350,000","1,660"
679,679,게임,킴성태TV,"980,000","799,940,000","1,917"
680,681,음식/요리/레시피,얌무YAMMoo,"980,000","212,960,000",588
681,682,BJ/인물/연예인,하하 PD HAHA PD,"980,000","86,650,000",196
682,683,TV/방송,YG TREASURE BOX,"980,000","293,380,000",496
683,686,미분류,KPOP JAMM,"980,000","331,770,000","1,588"
684,685,음악/댄스/가수,H1GHR MUSIC,"980,000","298,840,000",572
685,684,자동차,우파푸른하늘Woopa TV,"980,000","573,830,000","1,646"
686,688,음악/댄스/가수,SF9,"970,000","100,720,000",421
687,687,BJ/인물/연예인,슛뚜sueddu,"970,000","53,100,000",230
688,689,미분류,deemd 딤디,"970,000","115,660,000",195
689,691,패션/미용,안다 ANDA,"970,000","86,300,000",210
690,690,음식/요리/레시피,삼대장 Samdaejang,"970,000","596,430,000","1,349"
691,693,TV/방송,뉴스엔·NewsenTV·KOREA Entertainment news,"960,000","354,680,000","12,795"
692,696,자동차,김한용의 MOCAR,"960,000","523,620,000","1,804"
693,692,BJ/인물/연예인,소근부부 S.K.Couple,"960,000","378,730,000",477
694,695,미분류,요리용디 Yori Yongd,"960,000","751,810,000",325
695,694,취미/라이프,츄팝,"960,000","467,920,000",477
696,697,미분류,이재성 박사의 식탁보감,"960,000","102,230,000",352
697,698,TV/방송,덕출 : DCTVGO,"960,000","377,580,000",643
698,699,게임,액션홍구,"960,000","645,550,000","3,251"
699,702,키즈/어린이,Robot Trains official,"960,000","726,880,000",744
700,700,TV/방송,바바요 by iHQ,"960,000","742,610,000","7,150"
701,701,취미/라이프,ColorMonsters Toy,"960,000","547,880,000","1,040"
702,703,키즈/어린이,신나TV,"950,000","20,180,000",4
703,704,게임,T1,"950,000","305,170,000","2,737"
704,706,미분류,[ASMR]nara_나라,"950,000","162,400,000",309
705,705,뉴스/정치/사회,서울의소리 Voice of Seoul,"950,000","680,610,000","13,531"
706,708,미분류,유우키의 일본이야기 YUUKI,"940,000","250,110,000",249
707,707,미분류,육식맨 YOOXICMAN,"940,000","207,320,000",183
708,709,뉴스/정치/사회,[팟빵] 매불쇼,"940,000","407,760,000","1,269"
709,711,미분류,[윤이련]50년 요리비결,"940,000","290,340,000",476
710,710,교육/강의,친절한 대학,"940,000","97,740,000",735
711,714,패션/미용,Saerom Min개코의 오픈스튜디오,"940,000","144,170,000",219
712,713,교육/강의,닥터프렌즈,"940,000","221,720,000",794
713,712,BJ/인물/연예인,성수커플 - S.S Couple,"940,000",0,0
714,717,미분류,시니어전성시대,"940,000","176,400,000",364
715,715,음악/댄스/가수,ALiEN,"940,000","205,200,000",326
716,716,TV/방송,배꼽빌라,"930,000","373,710,000",602
717,719,키즈/어린이,드래곤디🎵 | 키즈 율동 동요,"930,000","764,460,000","1,201"
718,718,미분류,밀라논나 Milanonna,"930,000","78,150,000",109
719,720,TV/방송,Zaty Farhani,"930,000","1,159,780,000","2,458"
720,721,음악/댄스/가수,장범준,"930,000","504,250,000",504
721,722,뉴스/정치/사회,MTN 머니투데이방송,"930,000","1,128,420,000","67,195"
722,723,TV/방송,KBS N,"920,000","1,808,580,000","14,855"
723,724,TV/방송,Kyunghamin твоя корейская онни,"920,000","105,720,000",403
724,725,애완/반려동물,냥이아빠,"920,000","390,580,000",662
725,726,미분류,1분만,"920,000","454,270,000",672
726,727,게임,GCL 지씨엘,"920,000","293,840,000",372
727,728,게임,범석TV,"920,000","638,300,000","1,694"
728,729,미분류,집나간아들 Runaway Son,"910,000","398,790,000",765
729,730,음식/요리/레시피,SOF,"910,000","360,560,000","1,566"
730,734,키즈/어린이,TOMONCAR,"910,000","488,290,000",407
731,731,게임,Dorami,"910,000","232,970,000","1,187"
732,733,미분류,KBS 레전드 케이팝,"910,000","749,960,000","13,996"
733,732,뉴스/정치/사회,CBS 김현정의 뉴스쇼,"910,000","476,240,000","13,581"
734,735,BJ/인물/연예인,띠미 ddimmi,"910,000","438,910,000",925
735,736,영화/만화/애니,구불,"900,000","308,370,000",290
736,737,미분류,VOGUE Taiwan,"900,000","299,180,000","7,004"
737,738,TV/방송,이라이라경 ravely,"900,000","413,370,000",534
738,740,미분류,과학드림 [Science Dream],"900,000","174,200,000",137
739,739,키즈/어린이,프리티에스더 PrettyEsther,"900,000","537,160,000",728
740,741,게임,탁주 TV,"900,000","2,177,650,000","2,479"
741,742,음악/댄스/가수,LJ Dance,"900,000","151,490,000","2,553"
742,743,국내/해외/여행,Sophie Kim _하은,"890,000","29,120,000",118
743,745,영화/만화/애니,STUDIO LICO,"890,000","141,470,000",255
744,744,게임,김왼팔,"890,000","662,840,000","2,643"
745,747,애완/반려동물,다흑,"890,000","618,730,000","2,761"
746,746,교육/강의,라이브 아카데미,"890,000","91,160,000",964
747,748,음식/요리/레시피,THE BOB - 더 밥 스튜디오,"890,000","180,010,000","1,016"
748,749,미분류,leeminho film,"890,000","15,680,000",21
749,751,취미/라이프,Dana ASMR,"890,000","311,120,000",255
750,750,TV/방송,하나키키 Hanakiki,"890,000","357,740,000",858
751,753,음악/댄스/가수,missA,"890,000","408,050,000",49
752,752,BJ/인물/연예인,남순 NS,"890,000","961,380,000","3,646"
753,755,미분류,이영지,"890,000","120,810,000",42
754,754,키즈/어린이,Boram Tube Friends,"890,000","7,350,000",73
755,756,미분류,메리니즈부엌Meliniskitchen,"880,000","163,570,000",197
756,757,국내/해외/여행,EBS 컬렉션 - 라이프스타일,"880,000","575,740,000","3,499"
757,766,미분류,김창옥TV,"880,000","134,960,000",364
758,758,TV/방송,TongTongCulture,"880,000","629,050,000","12,309"
759,762,교육/강의,법륜스님의 희망세상만들기,"880,000","446,210,000",895
760,760,키즈/어린이,로보카폴리 TV,"880,000","590,840,000","1,450"
761,759,음식/요리/레시피,허미노MINO,"880,000","367,530,000","1,949"
762,761,키즈/어린이,메카드 - MECARD OFFICIAL,"880,000","737,100,000","1,455"
763,764,영화/만화/애니,람다람 RAMDARAM,"880,000","119,290,000",125
764,763,음악/댄스/가수,PARK JIHOON Official,"880,000","58,990,000",258
765,765,키즈/어린이,고고다이노,"880,000","701,350,000",996
766,767,TV/방송,히스토리,"870,000","631,050,000","2,337"
767,769,게임,군림보,"870,000","711,150,000","5,268"
768,768,IT/기술/컴퓨터,1분과학,"870,000","86,320,000",71
769,770,TV/방송,Megan Moon,"870,000","144,940,000",549
770,771,키즈/어린이,롤롤라임[lollolraim],"870,000","103,100,000",178
771,772,음악/댄스/가수,Healing Meditation,"860,000","112,470,000",352
772,773,음악/댄스/가수,PianiCast - 피아니캐스트,"860,000","262,440,000",110
773,775,미분류,달리 [SBS 교양 공식채널],"860,000","347,240,000",559
774,774,패션/미용,윤쨔미 YoonCharmi,"860,000","241,740,000",347
775,777,음악/댄스/가수,HYOLYN 효린,"860,000","243,340,000",223
776,776,게임,머독방송,"860,000","919,960,000","11,724"
777,779,TV/방송,MAXIM KOREA,"860,000","237,640,000","1,154"
778,778,BJ/인물/연예인,(MUTUBE)와꾸대장봉준,"860,000","892,490,000","7,712"
779,781,미분류,싱글벙글,"860,000","449,010,000",153
780,780,미분류,조여사전성시대,"860,000","218,340,000",654
781,782,미분류,미션 파서블,"850,000","135,060,000",174
782,784,미분류,랄랄ralral,"850,000","248,220,000",550
783,783,미분류,직업의모든것,"850,000","359,040,000",324
784,785,게임,마재TV,"850,000","723,420,000","4,270"
785,790,키즈/어린이,베이비버스 장난감 친구들!,"850,000","318,270,000",355
786,787,미분류,지식해적단,"850,000","93,710,000",143
787,786,음식/요리/레시피,서담 seodam,"850,000","181,010,000",402
788,789,미분류,CU [씨유튜브],"850,000","173,660,000",489
789,788,영화/만화/애니,빨강도깨비,"850,000","349,640,000",343
790,792,음악/댄스/가수,HOLLAND,"850,000","31,120,000",35
791,791,뉴스/정치/사회,전옥현 안보정론TV,"850,000","181,960,000","1,906"
792,794,TV/방송,라이프타임,"840,000","345,410,000","1,945"
793,793,게임,울산큰고래 박성주,"840,000","713,170,000","3,532"
794,796,취미/라이프,달려라치킨 Dalchi,"840,000","221,030,000",654
795,795,취미/라이프,Soy ASMR,"840,000","182,610,000",563
796,799,TV/방송,타임스낵,"840,000","287,120,000",269
797,798,TV/방송,김이브님 [kim eve],"840,000","634,970,000","2,836"
798,797,패션/미용,Jella젤라,"840,000","68,030,000",233
799,800,미분류,복지마블TV [Welfare Marble],"840,000","113,340,000",498
800,802,미분류,너 진짜 똑똑하다,"840,000","59,380,000",143
801,801,음악/댄스/가수,HEADLINER,"840,000","216,670,000",219
802,806,미분류,TAEYONG,"840,000","10,400,000",16
803,805,뉴스/정치/사회,스브스뉴스 SUBUSUNEWS,"840,000","1,074,050,000","3,269"
804,804,뉴스/정치/사회,채널A 뉴스TOP10,"840,000","732,020,000","20,054"
805,814,게임,Charming Jo 조매력,"840,000","271,220,000","1,413"
806,803,뉴스/정치/사회,가로세로연구소,"840,000","13,720,000",248
807,808,미분류,ROKSEAL,"840,000","124,020,000",172
808,807,음악/댄스/가수,wondergirls,"840,000","473,510,000",217
809,809,미분류,랭킹스쿨 Ranking School,"830,000","558,480,000",949
810,810,게임,연다,"830,000","620,390,000","2,280"
811,813,미분류,과나gwana,"830,000","181,750,000",139
812,812,음악/댄스/가수,TSENT2008,"830,000","392,110,000",445
813,811,게임,테드TV,"830,000","832,990,000","2,599"
814,816,TV/방송,김달,"830,000","328,200,000",812
815,815,취미/라이프,이연LEEYEON,"830,000","67,370,000",259
816,817,미분류,임한올 Hanol Rim,"830,000","113,940,000",166
817,819,미분류,꼰대희,"830,000","263,420,000",275
818,818,패션/미용,UNA 유나,"830,000","72,230,000",177
819,821,음악/댄스/가수,• m i n a m o c h i •,"830,000","354,480,000",103
820,820,음악/댄스/가수,OFFICIAL EPIK HIGH,"830,000","352,520,000",221
821,822,음악/댄스/가수,VICTON 빅톤,"820,000","232,620,000",953
822,825,영화/만화/애니,토킹톰앤프렌즈,"820,000","328,130,000",309
823,823,미분류,Cookie Run: Kingdom,"820,000","94,530,000",223
824,828,IT/기술/컴퓨터,오빠두엑셀 l 엑셀 강의 대표채널,"820,000","52,040,000",496
825,824,미분류,The Sons,"820,000","185,160,000",279
826,826,미분류,815머니톡,"820,000","294,860,000","5,233"
827,827,키즈/어린이,ToyCheff,"820,000","397,990,000",467
828,830,미분류,지피티,"820,000","265,180,000",930
829,829,TV/방송,트래블튜브,"820,000","947,130,000","1,768"
830,832,키즈/어린이,Enjoy Toys Shin,"820,000","352,950,000",245
831,831,BJ/인물/연예인,풍자테레비,"820,000","325,900,000","1,337"
832,833,BJ/인물/연예인,SUNBA선바,"810,000","1,202,210,000","2,691"
833,836,뉴스/정치/사회,성제준,"810,000","353,490,000","1,782"
834,835,음식/요리/레시피,뽐뽐뽐,"810,000","76,040,000",277
835,834,취미/라이프,Mimine Miniature 미미네 미니어처,"810,000","167,120,000",169
836,837,미분류,지기TV,"810,000","243,150,000",972
837,839,TV/방송,KBS Entertain: 깔깔티비,"810,000","1,318,040,000","6,375"
838,838,애완/반려동물,속삭이는몽자,"810,000","224,460,000",527
839,840,음악/댄스/가수,Jenny Yun,"810,000","125,540,000",566
840,841,뉴스/정치/사회,고성국TV,"810,000","133,230,000","1,445"
841,842,미분류,샾잉 #ing,"810,000","2,297,890,000","14,923"
842,844,키즈/어린이,PinkFongFongToys [핑크퐁퐁토이즈],"810,000","12,720,000",24
843,843,미분류,BRUSH,"810,000","362,870,000",417
844,847,미분류,건나물TV,"800,000","338,500,000",613
845,846,TV/방송,찬우살이,"800,000","33,130,000",195
846,845,패션/미용,areumsongee아름송이,"800,000","74,240,000",234
847,850,미분류,TOP MEDIA,"800,000","217,860,000",542
848,849,뉴스/정치/사회,이봉규TV,"800,000","464,880,000","6,275"
849,848,TV/방송,smile -wA-,"800,000","508,640,000","5,417"
850,852,TV/방송,핫소스,"800,000","44,250,000",24
851,851,BJ/인물/연예인,쿠쿠크루 - Cuckoo Crew,"800,000","539,490,000",840
852,853,미분류,DAWN,"790,000","63,860,000",43
853,855,키즈/어린이,LarvaKIDS TUBA,"790,000","575,050,000",522
854,854,뉴스/정치/사회,MBC 라디오 시사,"790,000","500,660,000","12,659"
855,856,음악/댄스/가수,DKDKTV,"790,000","199,260,000","1,379"
856,860,미분류,오늘의 주우재,"790,000","90,310,000",255
857,859,패션/미용,Heejoo 희주,"790,000","22,730,000",111
858,858,음악/댄스/가수,CL,"790,000","63,830,000",5
859,857,게임,김성회의 G식백과,"790,000","210,730,000",363
860,864,키즈/어린이,호기! 핑크퐁 - 놀면서 배워요,"790,000","466,250,000",906
861,863,미분류,ZICO,"790,000","349,670,000",132
862,862,미분류,논리왕 전기,"790,000","113,790,000",91
863,861,교육/강의,동심파괴,"790,000","325,590,000",680
864,867,미분류,천재견 사월이sawol,"780,000","202,670,000",190
865,865,음악/댄스/가수,BRANDNEW MUSIC,"780,000","390,400,000","1,432"
866,866,주식/경제/부동산,E트렌드,"780,000","145,060,000","2,967"
867,874,키즈/어린이,우가놀이 WOOGA play,"780,000","332,220,000",344
868,869,게임,밍모,"780,000","567,630,000","2,244"
869,868,영화/만화/애니,어퍼컷Tube,"780,000","178,400,000",208
870,871,뉴스/정치/사회,팩트TV NEWS,"780,000","171,370,000","4,532"
871,870,미분류,sissel,"780,000","28,940,000",214
872,876,미분류,깨방정,"780,000","320,350,000",423
873,872,영화/만화/애니,UTZI웃지,"780,000","5,950,000",12
874,875,TV/방송,LDF TV by lottedutyfree,"770,000","620,680,000","1,439"
875,873,TV/방송,하루 1분,"770,000","23,520,000",85
876,879,키즈/어린이,로봇알포 ARPO The Robot,"770,000","295,890,000",516
877,877,키즈/어린이,Ace Art 에이스 아트,"770,000","388,870,000",857
878,878,키즈/어린이,리틀조이 LittleJoy,"770,000","220,850,000",170
879,880,취미/라이프,희철리즘Heechulism,"770,000","190,330,000",308
880,881,미분류,에버랜드 - EVERLAND,"770,000","266,610,000","2,373"
881,882,미분류,셜록현준,"770,000","53,500,000",101
882,884,음식/요리/레시피,영자씨의 부엌Young-Ja's Kitchen,"760,000","220,580,000","1,355"
883,883,게임,수탉,"760,000","437,140,000","1,569"
884,887,키즈/어린이,조이퐁 JOYPONG,"760,000","290,890,000",573
885,886,뉴스/정치/사회,여수MBC Music+(Kpop&Trot),"760,000","483,670,000","15,216"
886,885,영화/만화/애니,Sechi,"760,000","280,500,000",357
887,888,취미/라이프,Ouvir 오비르,"760,000","151,990,000",194
888,890,게임,LCK,"760,000","859,180,000","6,063"
889,889,뉴스/정치/사회,펜앤드마이크TV,"760,000","591,830,000","13,308"
890,892,미분류,프응TV,"760,000","218,910,000",241
891,891,애완/반려동물,솜이네 곰이탱이여우,"760,000","468,280,000","1,578"
892,893,TV/방송,스튜디오 룰루랄라 디랩 - SLLDLAB,"760,000","269,040,000","1,177"
893,898,미분류,조나단,"760,000","95,640,000",165
894,897,미분류,청정구역,"760,000","358,900,000",821
895,896,음악/댄스/가수,MBC WORLD,"760,000","590,770,000","4,756"
896,895,TV/방송,코미꼬,"760,000","255,880,000",575
897,894,TV/방송,tweety 트위티,"760,000","129,210,000",242
898,902,미분류,집나간햄지 Wandering Hamzy,"750,000","52,080,000",88
899,901,미분류,쿡피아 Cookpia,"750,000","128,390,000",217
900,904,뉴스/정치/사회,연합뉴스 Yonhapnews,"750,000","2,004,550,000","33,997"
901,899,키즈/어린이,버섯도리,"750,000","988,450,000",832
902,900,회사/오피셜,LG Uplus,"750,000","1,341,400,000","2,422"
903,903,TV/방송,STUDIO DIA 스튜디오 다이아,"750,000","210,760,000",537
904,906,미분류,유 퀴즈 온 더 튜브,"750,000","409,520,000","3,864"
905,905,음악/댄스/가수,HyunA 현아 (Official YouTube Channel),"750,000","110,930,000",10
906,909,TV/방송,제이제이,"750,000","249,230,000",638
907,908,음식/요리/레시피,키미 Kimi,"750,000","51,610,000",74
908,907,BJ/인물/연예인,StimBoy스팀보이,"750,000","351,920,000",614
909,911,취미/라이프,공구왕황부장,"750,000","202,200,000",579
910,910,TV/방송,POWER MOVIE,"750,000","256,880,000",222
911,912,교육/강의,입시덕후,"750,000","480,190,000",619
912,914,미분류,하알라,"740,000","235,020,000",313
913,913,음식/요리/레시피,인아짱 Inah Eats,"740,000","179,600,000","1,147"
914,917,미분류,교양만두,"740,000","192,030,000",191
915,915,스포츠/운동,JK 아트사커 온라인,"740,000","447,150,000",605
916,916,교육/강의,BLACK DOOR,"740,000","118,680,000",599
917,919,키즈/어린이,JOYJOY KIDS[조이조이키즈],"740,000","190,280,000",110
918,918,미분류,빵먹다살찐떡,"740,000","791,460,000",505
919,922,TV/방송,디스패치 / Dispatch,"740,000","151,150,000","8,297"
920,921,음악/댄스/가수,Yuni Marimba 유니 마림바,"740,000","104,450,000",142
921,920,취미/라이프,김나영의 nofilterTV,"740,000","175,250,000",433
922,924,TV/방송,MBC 미스터리 : 심야괴담회 X 서프라이즈,"730,000","379,030,000","2,419"
923,923,취미/라이프,DanoTV,"730,000","153,990,000",638
924,925,뉴스/정치/사회,[공식] 새날,"730,000","590,820,000","7,999"
925,938,교육/강의,미미미누,"730,000","315,610,000",722
926,929,미분류,천뚱TV,"730,000","113,460,000",91
927,928,키즈/어린이,뽀로로 타요 장난감 놀이교실,"730,000","500,810,000",946
928,927,키즈/어린이,애니한TV AnnieHanTV,"730,000","801,570,000","1,570"
929,926,패션/미용,한별Hanbyul,"730,000","137,370,000",322
930,933,키즈/어린이,프랭키 키즈 TV LET'S PLAY FRANKY !,"730,000","362,800,000",292
931,932,BJ/인물/연예인,케이,"730,000","563,690,000","3,285"
932,931,음악/댄스/가수,임창정,"730,000","276,290,000",362
933,930,TV/방송,매미킴 TV,"730,000","274,360,000",409
934,934,BJ/인물/연예인,bobaepapa - 보배아빠,"730,000","347,980,000",398
935,935,키즈/어린이,코코몽 COCOMONG TV - Cartoon & Song For Kids,"730,000","935,540,000","1,359"
936,936,미분류,[에일리 OFFICIAL] aileemusic,"730,000","147,000,000",185
937,937,영화/만화/애니,홍시네마,"730,000","248,760,000",197
938,944,뉴스/정치/사회,이재명,"720,000","146,350,000","1,904"
939,940,미분류,VIVINOS,"720,000","90,400,000",39
940,939,미분류,코믹마트,"720,000","388,200,000",574
941,941,미분류,SM STATION,"720,000","65,870,000",100
942,943,주식/경제/부동산,전인구경제연구소,"720,000","84,850,000",810
943,942,취미/라이프,공대생가족 GDSF,"720,000","321,820,000","1,254"
944,946,미분류,버미쌤,"720,000","176,840,000",307
945,945,미분류,123 GO! Korean,"720,000","279,850,000",417
946,949,미분류,옆집언니 최실장 stylist unnie,"720,000","114,420,000",565
947,948,음악/댄스/가수,Bigman,"720,000","60,550,000",76
948,947,음악/댄스/가수,B1A4 OFFICIAL +,"720,000","203,970,000",361
949,952,미분류,바라던 바다,"720,000","354,550,000",519
950,951,TV/방송,별놈들,"720,000","353,710,000",646
951,950,키즈/어린이,Troom Troom Kr,"720,000","480,870,000","2,352"
952,954,미분류,나르시Narci,"720,000","21,420,000",96
953,956,미분류,CBS Sports Golazo,"720,000","496,370,000","3,115"
954,953,뉴스/정치/사회,YTN 돌았저 - 돌발영상 / 뉴있저,"720,000","460,510,000","4,411"
955,955,음악/댄스/가수,Crush,"720,000","351,080,000",122
956,958,키즈/어린이,지호토이TV JIHOTOY,"720,000","531,720,000","1,745"
957,957,패션/미용,김습습Double Soup,"720,000","64,610,000",337
958,961,미분류,송슐랭 가이드 - SONGCHELIN GUIDE,"710,000","24,130,000",169
959,960,미분류,TVING,"710,000","1,021,510,000","4,971"
960,959,교육/강의,Conversational Korean,"710,000","31,880,000",392
961,963,미분류,TVCHOSUN JOY,"710,000","498,680,000","2,099"
962,962,TV/방송,KBS역사저널 그날,"710,000","288,200,000","3,033"
963,964,회사/오피셜,신한카드,"710,000","199,490,000",744
964,965,게임,스페셜솔져 - 모바일FPS,"710,000","15,040,000",137
965,966,패션/미용,sunnydahye,"710,000","51,890,000",334
966,968,TV/방송,시미켄 TV,"710,000","105,660,000",105
967,967,패션/미용,트윈데이 TWINDAY,"710,000","213,910,000",380
968,970,TV/방송,목포MBC 가요센터,"710,000","277,030,000","5,742"
969,971,키즈/어린이,간니닌니 패밀리,"710,000","752,830,000","2,243"
970,969,패션/미용,yeondukong 연두콩,"710,000","43,780,000",223
971,972,미분류,놀면서 배우는 심리학,"710,000","77,510,000",299
972,973,게임,러너꽃빈,"710,000","633,660,000","3,414"
973,975,미분류,백크 Baekk,"700,000","427,660,000","1,044"
974,974,미분류,밉지않은 관종언니,"700,000","158,430,000",261
975,976,TV/방송,Spinel CAM,"700,000","450,860,000","4,388"
976,978,미분류,성창경TV,"700,000","903,820,000","14,546"
977,977,TV/방송,KBS COMEDY: 크큭티비,"700,000","979,500,000","7,574"
978,980,미분류,Everton Football Club,"700,000","217,420,000","3,042"
979,979,음악/댄스/가수,MBK Entertainment [Official],"700,000","434,080,000",417
980,982,TV/방송,KBS여행 걸어서 세계속으로,"700,000","255,300,000","10,807"
981,981,TV/방송,백만뷰,"700,000","550,070,000","9,348"
982,986,교육/강의,굉장한 실험실,"700,000","357,310,000",221
983,983,IT/기술/컴퓨터,UNDERkg,"700,000","415,540,000","2,479"
984,984,미분류,뀨러기 [kkyuleogi],"700,000","200,950,000",292
985,988,미분류,근황올림픽,"700,000","408,620,000",383
986,987,TV/방송,NICKY니키,"700,000","281,870,000",788
987,985,게임,두치와뿌꾸,"700,000","1,312,380,000","13,160"
988,989,키즈/어린이,ToyMoon토이문,"700,000","267,570,000",251
989,990,음악/댄스/가수,Beecompany 비컴퍼니,"700,000","495,090,000","2,553"
990,991,뉴스/정치/사회,MBC PD수첩,"690,000","289,850,000","2,247"
991,992,BJ/인물/연예인,대륙남TV [clark tv],"690,000","416,130,000","3,463"
992,993,뉴스/정치/사회,국방TV,"690,000","710,400,000","12,445"
993,994,스포츠/운동,강하나 스트레칭_stretching,"690,000","74,140,000",363
994,996,미분류,음뫄 핫소스,"690,000","204,500,000",182
995,995,미분류,ASMR Boyoung 반보영,"690,000","126,260,000",219
996,998,키즈/어린이,꾸삐KUPI,"690,000","455,330,000",846
997,997,IT/기술/컴퓨터,안될과학 Unrealscience,"690,000","80,530,000",518
998,1001,패션/미용,会社員J,"690,000","155,460,000",533
999,1000,음악/댄스/가수,TEEN TOP Official,"690,000","213,910,000",865
